nomor_bupot;Masa_Pajak;Kode_objek_pajak;DPP;Pajak_Penghasilan;NPWP_Pemotong;Nama_Pemotong;Tanggal_bupot;tanggal_dokumen
2502ALC3U;06-2025;22-900-01;84684685;1270270;0959157934512000;BADAN PENDAPATAN DAERAH KOTA SEMARANG;04 Juni 2025;04 Juni 2025
2502OR5UP;05-2025;24-100-02;810811;16216;0952551711518000;RSJD. DR. AMINO GONDOHUTOMO PROVINSI JAWA TENGAH;09 Mei 2025;09 Mei 2025
2500F49WE;02-2025;22-910-01;3393874;50908;0002989515512000;BADAN PENGELOLAAN KEUANGAN DAN ASET DAERAH KOTA SEMARANG;07 Februari 2025;20 Februari 2025
2500F79DD;02-2025;22-910-01;2683604;40254;0002989515512000;BADAN PENGELOLAAN KEUANGAN DAN ASET DAERAH KOTA SEMARANG;10 Februari 2025;21 Februari 2025
2500F79DF;02-2025;22-910-01;3399279;50989;0002989515512000;BADAN PENGELOLAAN KEUANGAN DAN ASET DAERAH KOTA SEMARANG;10 Februari 2025;21 Februari 2025
2500F49JY;02-2025;24-104-24;11468468;229369;0623063807503000;UNIVERSITAS NEGERI SEMARANG - PTNBH;21 Februari 2025;21 Februari 2025
2500FZZ9I;02-2025;24-104-29;14890540;297811;0623063807503000;UNIVERSITAS NEGERI SEMARANG - PTNBH;25 Februari 2025;25 Februari 2025
2500HTNUX;02-2025;24-104-29;2731832;54637;0002989432512000;DINAS TENAGA KERJA KOTA SEMARANG;05 Februari 2025;07 Februari 2025
2500LXAVX;03-2025;24-104-29;14163964;283279;0959157934512000;BADAN PENDAPATAN DAERAH KOTA SEMARANG;03 Maret 2025;10 Maret 2025
2500LY4K1;03-2025;24-104-29;6855856;137117;0959157934512000;BADAN PENDAPATAN DAERAH KOTA SEMARANG;03 Maret 2025;10 Maret 2025
2500LYXGK;03-2025;24-104-29;10693694;213874;0959157934512000;BADAN PENDAPATAN DAERAH KOTA SEMARANG;03 Maret 2025;10 Maret 2025
2500M15IE;03-2025;24-104-29;1621622;32432;0959157934512000;BADAN PENDAPATAN DAERAH KOTA SEMARANG;03 Maret 2025;10 Maret 2025
2500MWZ6D;02-2025;24-100-02;650000;13000;0636611071505000;ARTIVERSE APPAREL SEMARANG;06 Februari 2025;28 Februari 2025
2500MWZ84;02-2025;24-100-02;400000;8000;0636611071505000;ARTIVERSE APPAREL SEMARANG;06 Februari 2025;28 Februari 2025
2500WRK9L;02-2025;24-104-65;1150000;23000;0001204288504000;DINAS PERDAGANGAN KOTA SEMARANG;03 Februari 2025;03 Maret 2025
2500WRLFD;02-2025;24-104-65;4224000;84480;0001204288504000;DINAS PERDAGANGAN KOTA SEMARANG;12 Februari 2025;12 Februari 2025
2500WRLG2;02-2025;24-104-65;1150000;23000;0001204288504000;DINAS PERDAGANGAN KOTA SEMARANG;06 Februari 2025;06 Februari 2025
2500YIIX5;02-2025;24-100-02;1616200;32324;0952551711518000;RSJD. DR. AMINO GONDOHUTOMO PROVINSI JAWA TENGAH;19 Februari 2025;20 Maret 2025
2500YPK8O;03-2025;22-910-01;458918919;6883784;0002973816514000;SEKRETARIAT DEWAN PERWAKILAN RAKYAT DAERAH KABUPATEN GROBOGAN;07 Maret 2025;21 Maret 2025
2500ZVWOZ;02-2025;22-101-02;40765766;203829;0951879998525000;GRATIS ONGKIR;28 Februari 2025;28 Februari 2025
25012TYHS;03-2025;24-104-29;1585586;31712;0002989432512000;DINAS TENAGA KERJA KOTA SEMARANG;24 Maret 2025;08 April 2025
25012TYHW;03-2025;24-104-29;180180;3604;0002989432512000;DINAS TENAGA KERJA KOTA SEMARANG;24 Maret 2025;25 Maret 2025
250160PW8;03-2025;24-104-28;1650000;33000;0017880139063000;SWADHARMA SARANA INFORMATIKA;19 Maret 2025;19 Maret 2025
2501CBDGJ;03-2025;24-100-02;650000;13000;0636611071505000;ARTIVERSE APPAREL SEMARANG;02 Juli 2024;31 Maret 2025
2501CBDGO;03-2025;24-100-02;400000;8000;0636611071505000;ARTIVERSE APPAREL SEMARANG;02 Juli 2024;31 Maret 2025
2501CBDKD;03-2025;24-100-02;650000;13000;0636611071505000;ARTIVERSE APPAREL SEMARANG;04 Maret 2025;31 Maret 2025
2501CBDKH;03-2025;24-100-02;400000;8000;0636611071505000;ARTIVERSE APPAREL SEMARANG;04 Maret 2025;31 Maret 2025
250012HVB;01-2025;22-910-01;3199099;47986;0959157934512000;BADAN PENDAPATAN DAERAH KOTA SEMARANG;22 Januari 2025;16 April 2025
250012HVX;01-2025;22-910-01;4744685;71170;0959157934512000;BADAN PENDAPATAN DAERAH KOTA SEMARANG;22 Januari 2025;16 April 2025
2501066SC;03-2025;22-910-01;41621622;624324;0959157934512000;BADAN PENDAPATAN DAERAH KOTA SEMARANG;26 Maret 2025;16 April 2025
2501FD5T0;03-2025;24-104-65;11784000;235680;0001204288504000;DINAS PERDAGANGAN KOTA SEMARANG;13 Maret 2025;13 Maret 2025
2501G7S4U;03-2025;24-104-29;945000;18900;0001434281512000;SATUAN POLISI PAMONG PRAJA PROVINSI JAWA TENGAH;27 Maret 2025;27 Maret 2025
2501JATH6;03-2025;24-104-29;23508108;470162;0623063807503000;UNIVERSITAS NEGERI SEMARANG - PTNBH;25 Maret 2025;25 Maret 2025
2501JATHD;03-2025;24-104-24;2387387;47748;0623063807503000;UNIVERSITAS NEGERI SEMARANG - PTNBH;25 Maret 2025;25 Maret 2025
2501L935W;03-2025;24-100-02;810811;16216;0952551711518000;RSJD. DR. AMINO GONDOHUTOMO PROVINSI JAWA TENGAH;21 Maret 2025;21 Maret 2025
25025NAO3;04-2025;24-100-02;810811;16216;0952551711518000;RSJD. DR. AMINO GONDOHUTOMO PROVINSI JAWA TENGAH;14 Maret 2025;14 April 2025
2502PZIDG;05-2025;24-104-65;11784000;235680;0001204288504000;DINAS PERDAGANGAN KOTA SEMARANG;26 Mei 2025;26 Mei 2025
2502EXGEN;05-2025;24-104-29;1792793;35856;0002989432512000;DINAS TENAGA KERJA KOTA SEMARANG;22 April 2025;05 Mei 2025
2502EXGDQ;05-2025;24-104-29;382883;7658;0002989432512000;DINAS TENAGA KERJA KOTA SEMARANG;22 April 2025;05 Mei 2025
2502FDBQF;06-2025;24-104-29;17112613;342252;0959157934512000;BADAN PENDAPATAN DAERAH KOTA SEMARANG;28 Mei 2025;10 Juni 2025
2502FEB9R;06-2025;24-104-29;19169369;383387;0959157934512000;BADAN PENDAPATAN DAERAH KOTA SEMARANG;28 Mei 2025;10 Juni 2025
2502FRYIR;06-2025;24-104-29;2702703;54054;0959157934512000;BADAN PENDAPATAN DAERAH KOTA SEMARANG;28 Mei 2025;10 Juni 2025
2502FWPXT;06-2025;24-104-29;6288288;125766;0959157934512000;BADAN PENDAPATAN DAERAH KOTA SEMARANG;28 Mei 2025;10 Juni 2025
2502ALC3U;06-2025;22-910-01;84684685;1270270;0959157934512000;BADAN PENDAPATAN DAERAH KOTA SEMARANG;04 Juni 2025;11 Juni 2025
25035B61E;06-2025;24-104-65;1891892;37838;0001204262512000;DINAS KEBUDAYAAN DAN PARIWISATA KOTA SEMARANG;02 Juni 2025;11 Juni 2025
25035B61X;06-2025;24-104-65;750000;15000;0001204262512000;DINAS KEBUDAYAAN DAN PARIWISATA KOTA SEMARANG;22 Mei 2025;11 Juni 2025
25035B61N;06-2025;24-104-65;5045045;100901;0001204262512000;DINAS KEBUDAYAAN DAN PARIWISATA KOTA SEMARANG;02 Juni 2025;11 Juni 2025
25035B63U;06-2025;22-910-01;10270270;154054;0001204262512000;DINAS KEBUDAYAAN DAN PARIWISATA KOTA SEMARANG;05 Juni 2025;19 Juni 2025
25035B682;06-2025;24-104-65;850000;17000;0001204262512000;DINAS KEBUDAYAAN DAN PARIWISATA KOTA SEMARANG;25 Juni 2025;25 Juni 2025
25035B681;06-2025;22-910-01;4902703;73541;0001204262512000;DINAS KEBUDAYAAN DAN PARIWISATA KOTA SEMARANG;25 Juni 2025;25 Juni 2025
25035B6BC;06-2025;24-104-65;1400000;28000;0001204262512000;DINAS KEBUDAYAAN DAN PARIWISATA KOTA SEMARANG;30 Juni 2025;30 Juni 2025
2503D37NC;06-2025;24-100-02;810811;16216;0952551711518000;RSJD. DR. AMINO GONDOHUTOMO PROVINSI JAWA TENGAH;12 Juni 2025;12 Juni 2025
2503DF34T;07-2025;24-104-24;3243243;64865;0623063807503000;UNIVERSITAS NEGERI SEMARANG - PTNBH;04 Juli 2025;04 Juli 2025
2503DF3QQ;07-2025;24-104-29;20074775;401496;0623063807503000;UNIVERSITAS NEGERI SEMARANG - PTNBH;04 Juli 2025;04 Juli 2025
2503E8JZ1;06-2025;24-104-65;8918919;178378;0001204288504000;DINAS PERDAGANGAN KOTA SEMARANG;26 Juni 2025;26 Juni 2025
2503E8K1U;06-2025;24-104-65;11784000;235680;0001204288504000;DINAS PERDAGANGAN KOTA SEMARANG;16 Juni 2025;16 Juni 2025
2503I4542;07-2025;24-104-28;38646850;772937;0623063807503000;UNIVERSITAS NEGERI SEMARANG - PTNBH;17 Juli 2025;17 Juli 2025
2503IKX0R;03-2025;24-104-29;9009009;180180;0002841021512000;DINAS PENDIDIKAN DAN KEBUDAYAAN PROVINSI JAWA TENGAH;26 Maret 2025;09 April 2025
2503SHTVB;07-2025;24-100-02;800000;16000;0018694695055000;SEMARANG AUTOCOMP MANUFACTURING INDONESIA;11 Juli 2025;31 Juli 2025
2503SWD8I;07-2025;24-104-29;4907207;98144;0002989432512000;DINAS TENAGA KERJA KOTA SEMARANG;28 Juli 2025;28 Juli 2025
2503TJC1U;06-2025;22-910-01;2927928;43919;0002989390508000;DINAS KESEHATAN KOTA SEMARANG;20 Juni 2025;07 Agustus 2025
2503TJC1M;06-2025;22-910-01;6036036;90540;0002989390508000;DINAS KESEHATAN KOTA SEMARANG;20 Juni 2025;07 Agustus 2025
2503TSRDP;08-2025;24-104-28;18018018;360360;0623063807503000;UNIVERSITAS NEGERI SEMARANG - PTNBH;06 Agustus 2025;06 Agustus 2025
2503ZML79;07-2025;24-100-02;810811;16216;0952551711518000;RSJD. DR. AMINO GONDOHUTOMO PROVINSI JAWA TENGAH;18 Juli 2025;18 Juli 2025
25048G9MF;07-2025;22-910-01;5300000;79500;0002874394517000;KECAMATAN GAJAHMUNGKUR KOTA SEMARANG;07 Juli 2025;18 Agustus 2025
25049XNS7;07-2025;24-104-65;11784000;235680;0001204288504000;DINAS PERDAGANGAN KOTA SEMARANG;17 Juli 2025;17 Juli 2025
2504C1923;06-2025;22-910-01;70720720;1060811;0002973782514000;DINAS PENANAMAN MODAL DAN PELAYANAN TERPADU SATU PINTU KABUPATEN;19 Juni 2025;24 Agustus 2025
25050JOV2;08-2025;24-104-65;4054054;81081;0001380575512000;SEKRETARIAT DEWAN PERWAKILAN RAKYAT DAERAH KOTA SEMARANG;29 Agustus 2025;29 Agustus 2025
25051BF0I;08-2025;24-104-65;11784000;235680;0001204288504000;DINAS PERDAGANGAN KOTA SEMARANG;19 Agustus 2025;19 Agustus 2025
2505YD9A1;07-2025;22-900-01;72600000;1089000;0001205418506000;SEKRETARIAT DEWAN PERWAKILAN RAKYAT DAERAH KABUPATEN KUDUS;04 Juli 2025;30 Oktober 2025
2505WBLP2;10-2025;24-104-29;31310811;626216;0959157934512000;BADAN PENDAPATAN DAERAH KOTA SEMARANG;13 Oktober 2025;24 Oktober 2025
2505CTSN2;09-2025;24-104-65;3364865;67297;0001204262512000;DINAS KEBUDAYAAN DAN PARIWISATA KOTA SEMARANG;23 September 2025;23 September 2025
250293B9M;04-2025;24-104-65;400000;8000;0001204262512000;DINAS KEBUDAYAAN DAN PARIWISATA KOTA SEMARANG;24 April 2025;29 April 2025
250293BXV;04-2025;24-104-65;1710000;34200;0001204262512000;DINAS KEBUDAYAAN DAN PARIWISATA KOTA SEMARANG;24 Maret 2025;10 April 2025
2505CM8UY;09-2025;24-100-02;440000;8800;0018694695055000;SEMARANG AUTOCOMP MANUFACTURING INDONESIA;11 September 2025;30 September 2025
2503GK5IG;07-2025;22-910-01;4891892;73378;0001204262512000;DINAS KEBUDAYAAN DAN PARIWISATA KOTA SEMARANG;03 Juli 2025;03 Juli 2025
2505WC7TT;10-2025;24-104-29;13027027;260541;0959157934512000;BADAN PENDAPATAN DAERAH KOTA SEMARANG;13 Oktober 2025;24 Oktober 2025
25053SM5L;09-2025;22-900-01;19050000;285750;0959157934512000;BADAN PENDAPATAN DAERAH KOTA SEMARANG;23 September 2025;24 September 2025
2505CTSN1;09-2025;24-104-65;1700000;34000;0001204262512000;DINAS KEBUDAYAAN DAN PARIWISATA KOTA SEMARANG;23 September 2025;23 September 2025
250516RHZ;09-2025;24-104-29;11009009;220180;0959157934512000;BADAN PENDAPATAN DAERAH KOTA SEMARANG;03 September 2025;19 September 2025
25059ZG1B;09-2025;22-900-01;168025000;2520375;0002989432512000;DINAS TENAGA KERJA KOTA SEMARANG;04 September 2025;04 September 2025
2501FGV18;03-2025;24-104-65;400000;8000;0001204262512000;DINAS KEBUDAYAAN DAN PARIWISATA KOTA SEMARANG;06 Maret 2025;13 Maret 2025
2505177TD;09-2025;24-104-29;5225225;104505;0959157934512000;BADAN PENDAPATAN DAERAH KOTA SEMARANG;03 September 2025;19 September 2025
2501FGULR;03-2025;24-104-65;345000;6900;0001204262512000;DINAS KEBUDAYAAN DAN PARIWISATA KOTA SEMARANG;06 Maret 2025;24 Maret 2025
2501FGV10;03-2025;24-104-65;1680000;33600;0001204262512000;DINAS KEBUDAYAAN DAN PARIWISATA KOTA SEMARANG;06 Maret 2025;13 Maret 2025
2505CLH8W;09-2025;24-100-02;3017000;60340;0018694695055000;SEMARANG AUTOCOMP MANUFACTURING INDONESIA;01 September 2025;30 September 2025
2505CTSN8;09-2025;22-910-01;2567568;38514;0001204262512000;DINAS KEBUDAYAAN DAN PARIWISATA KOTA SEMARANG;23 September 2025;23 September 2025
25057ABY3;09-2025;24-104-10;14189189;283784;0623063807503000;UNIVERSITAS NEGERI SEMARANG - PTNBH;24 September 2025;24 September 2025
2504MM627;08-2025;24-104-65;2027027;40541;0001204262512000;DINAS KEBUDAYAAN DAN PARIWISATA KOTA SEMARANG;03 September 2025;03 September 2025
2504JTK1Q;08-2025;24-100-02;440000;8800;0018694695055000;SEMARANG AUTOCOMP MANUFACTURING INDONESIA;23 Agustus 2025;31 Agustus 2025
250293B9N;04-2025;24-104-65;675000;13500;0001204262512000;DINAS KEBUDAYAAN DAN PARIWISATA KOTA SEMARANG;28 April 2025;29 April 2025
2504QZ04O;09-2025;24-104-24;4189189;83784;0623063807503000;UNIVERSITAS NEGERI SEMARANG - PTNBH;10 September 2025;10 September 2025
2504MM62T;08-2025;24-104-65;4243243;84865;0001204262512000;DINAS KEBUDAYAAN DAN PARIWISATA KOTA SEMARANG;03 September 2025;03 September 2025
2504MM4IB;07-2025;24-104-65;1250000;25000;0001204262512000;DINAS KEBUDAYAAN DAN PARIWISATA KOTA SEMARANG;24 Juli 2025;29 Juli 2025
2505ST8GU;09-2025;22-910-01;18550000;278250;0002874394517000;KECAMATAN GAJAHMUNGKUR KOTA SEMARANG;25 September 2025;19 Oktober 2025
2505WCERR;10-2025;24-104-29;5427928;108559;0959157934512000;BADAN PENDAPATAN DAERAH KOTA SEMARANG;13 Oktober 2025;24 Oktober 2025
2501FGUJ2;03-2025;24-104-65;6747747;134955;0001204262512000;DINAS KEBUDAYAAN DAN PARIWISATA KOTA SEMARANG;20 Maret 2025;25 Maret 2025
250293BAN;04-2025;24-104-65;850000;17000;0001204262512000;DINAS KEBUDAYAAN DAN PARIWISATA KOTA SEMARANG;09 April 2025;24 April 2025
2501FGUHT;03-2025;22-910-01;1905405;28581;0001204262512000;DINAS KEBUDAYAAN DAN PARIWISATA KOTA SEMARANG;24 Maret 2025;26 Maret 2025
2505CTRAW;09-2025;22-910-01;1891892;28378;0001204262512000;DINAS KEBUDAYAAN DAN PARIWISATA KOTA SEMARANG;25 September 2025;01 Oktober 2025
2501FGUM2;03-2025;22-910-01;5716216;85743;0001204262512000;DINAS KEBUDAYAAN DAN PARIWISATA KOTA SEMARANG;06 Maret 2025;24 Maret 2025
2501KMFSE;03-2025;22-910-01;128693693;1930405;0001381755501000;BADAN PERENCANAAN PEMBANGUNAN, RISET DAN INOVASI DAERAH KOTA TEGAL;10 Maret 2025;24 April 2025
2503IRTCJ;02-2025;22-910-01;3671200;55068;0001204262512000;DINAS KEBUDAYAAN DAN PARIWISATA KOTA SEMARANG;28 Februari 2025;21 Juli 2025
2504MM4JD;07-2025;24-104-65;8396396;167928;0001204262512000;DINAS KEBUDAYAAN DAN PARIWISATA KOTA SEMARANG;23 Juli 2025;24 Juli 2025
2505CTSMZ;09-2025;24-104-65;750000;15000;0001204262512000;DINAS KEBUDAYAAN DAN PARIWISATA KOTA SEMARANG;23 September 2025;23 September 2025
2505WBIVW;10-2025;24-100-02;31310811;626216;0959157934512000;BADAN PENDAPATAN DAERAH KOTA SEMARANG;13 Oktober 2025;24 Oktober 2025
2500IFUT0;02-2025;24-104-65;265000;5300;0001204262512000;DINAS KEBUDAYAAN DAN PARIWISATA KOTA SEMARANG;30 Januari 2025;18 Februari 2025
2501FGUIX;03-2025;24-104-65;1500000;30000;0001204262512000;DINAS KEBUDAYAAN DAN PARIWISATA KOTA SEMARANG;06 Maret 2025;25 Maret 2025
2504JTKXO;08-2025;24-100-02;5884200;117684;0018694695055000;SEMARANG AUTOCOMP MANUFACTURING INDONESIA;08 Agustus 2025;31 Agustus 2025
2504MM657;08-2025;24-104-65;2612613;52252;0001204262512000;DINAS KEBUDAYAAN DAN PARIWISATA KOTA SEMARANG;21 Agustus 2025;21 Agustus 2025
2501FGV1A;03-2025;22-910-01;7927928;118919;0001204262512000;DINAS KEBUDAYAAN DAN PARIWISATA KOTA SEMARANG;27 Februari 2025;13 Maret 2025
2500IFUTS;02-2025;24-104-65;1800000;36000;0001204262512000;DINAS KEBUDAYAAN DAN PARIWISATA KOTA SEMARANG;30 Januari 2025;13 Februari 2025
2505N2MYT;09-2025;24-100-02;400000;8000;0636611071505000;ARTIVERSE APPAREL SEMARANG;08 September 2025;30 September 2025
250293BAM;04-2025;24-104-65;850000;17000;0001204262512000;DINAS KEBUDAYAAN DAN PARIWISATA KOTA SEMARANG;09 April 2025;24 April 2025
25004KXGX;01-2025;24-104-65;630000;12600;0001204262512000;DINAS KEBUDAYAAN DAN PARIWISATA KOTA SEMARANG;30 Januari 2025;31 Januari 2025
2504MM4M7;07-2025;24-104-65;1891892;37838;0001204262512000;DINAS KEBUDAYAAN DAN PARIWISATA KOTA SEMARANG;01 Juli 2025;01 Juli 2025
2505N2MYU;09-2025;24-100-02;650000;13000;0636611071505000;ARTIVERSE APPAREL SEMARANG;08 September 2025;30 September 2025
250515LQX;09-2025;24-104-29;15556757;311135;0959157934512000;BADAN PENDAPATAN DAERAH KOTA SEMARANG;03 September 2025;19 September 2025
2504MM626;08-2025;24-104-65;2378378;47568;0001204262512000;DINAS KEBUDAYAAN DAN PARIWISATA KOTA SEMARANG;03 September 2025;03 September 2025
2504OM6RB;09-2025;22-910-01;1126126;16892;0959157934512000;BADAN PENDAPATAN DAERAH KOTA SEMARANG;09 September 2025;06 Oktober 2025
2504JTJWM;08-2025;24-100-02;800000;16000;0018694695055000;SEMARANG AUTOCOMP MANUFACTURING INDONESIA;21 Agustus 2025;31 Agustus 2025
2505T2640;10-2025;24-104-29;4237387;84748;0623063807503000;UNIVERSITAS NEGERI SEMARANG - PTNBH;10 Oktober 2025;10 Oktober 2025
25060E8MO;10-2025;22-900-01;878378;13176;0002989432512000;DINAS TENAGA KERJA KOTA SEMARANG;14 Oktober 2025;15 Oktober 2025
25060E8MJ;10-2025;22-900-01;788288;11824;0002989432512000;DINAS TENAGA KERJA KOTA SEMARANG;14 Oktober 2025;15 Oktober 2025
25037QZ3J;07-2025;24-104-65;2860360;57207;0001204262512000;DINAS KEBUDAYAAN DAN PARIWISATA KOTA SEMARANG;09 Juli 2025;09 Juli 2025
2501FGUI1;03-2025;24-104-65;1665000;33300;0001204262512000;DINAS KEBUDAYAAN DAN PARIWISATA KOTA SEMARANG;20 Maret 2025;25 Maret 2025
2504MM67X;08-2025;22-910-01;10207207;153108;0001204262512000;DINAS KEBUDAYAAN DAN PARIWISATA KOTA SEMARANG;13 Agustus 2025;13 Agustus 2025
2505CTRB1;09-2025;22-910-01;3243243;48649;0001204262512000;DINAS KEBUDAYAAN DAN PARIWISATA KOTA SEMARANG;25 September 2025;01 Oktober 2025
2505ST8H3;09-2025;22-910-01;158200000;2373000;0002874394517000;KECAMATAN GAJAHMUNGKUR KOTA SEMARANG;04 September 2025;19 Oktober 2025
250516ECY;09-2025;24-104-29;13833333;276667;0959157934512000;BADAN PENDAPATAN DAERAH KOTA SEMARANG;03 September 2025;19 September 2025
2504MM683;08-2025;24-104-65;3015000;60300;0001204262512000;DINAS KEBUDAYAAN DAN PARIWISATA KOTA SEMARANG;13 Agustus 2025;13 Agustus 2025
2505CTRAU;09-2025;24-104-65;3842342;76847;0001204262512000;DINAS KEBUDAYAAN DAN PARIWISATA KOTA SEMARANG;25 September 2025;01 Oktober 2025
2505CM8ZP;09-2025;24-100-02;800000;16000;0018694695055000;SEMARANG AUTOCOMP MANUFACTURING INDONESIA;22 September 2025;30 September 2025
2501FGUZ8;03-2025;24-104-65;425000;8500;0001204262512000;DINAS KEBUDAYAAN DAN PARIWISATA KOTA SEMARANG;06 Maret 2025;13 Maret 2025
2501FGUZA;03-2025;24-104-65;705000;14100;0001204262512000;DINAS KEBUDAYAAN DAN PARIWISATA KOTA SEMARANG;03 Maret 2025;13 Maret 2025
2505UFFSJ;09-2025;24-104-65;11784000;235680;0001204288504000;DINAS PERDAGANGAN KOTA SEMARANG;24 September 2025;24 September 2025
25054P9G8;09-2025;24-104-65;300000;6000;0002989390508000;DINAS KESEHATAN KOTA SEMARANG;25 September 2025;26 September 2025
2505CTTB2;09-2025;24-104-65;1500000;30000;0001204262512000;DINAS KEBUDAYAAN DAN PARIWISATA KOTA SEMARANG;03 September 2025;03 September 2025
25059ZG1C;09-2025;22-900-01;206800000;3102000;0002989432512000;DINAS TENAGA KERJA KOTA SEMARANG;04 September 2025;04 September 2025
2505CTSN9;09-2025;22-910-01;3648648;54730;0001204262512000;DINAS KEBUDAYAAN DAN PARIWISATA KOTA SEMARANG;23 September 2025;23 September 2025
25061SXBD;11-2025;22-910-01;22412500;336188;0002989390508000;DINAS KESEHATAN KOTA SEMARANG;18 Oktober 2025;04 November 2025
250644H4C;10-2025;24-100-02;3861200;77224;0018694695055000;SEMARANG AUTOCOMP MANUFACTURING INDONESIA;08 Oktober 2025;31 Oktober 2025
250644KIG;10-2025;24-100-02;800000;16000;0018694695055000;SEMARANG AUTOCOMP MANUFACTURING INDONESIA;08 Oktober 2025;31 Oktober 2025
25069Z4XM;11-2025;22-910-01;6126126;91892;0002989390508000;DINAS KESEHATAN KOTA SEMARANG;27 Oktober 2025;11 November 2025
2506AKLR1;11-2025;22-910-01;5765766;86486;0002989390508000;DINAS KESEHATAN KOTA SEMARANG;11 November 2025;11 November 2025
2506C54TD;10-2025;24-100-02;400000;8000;0636611071505000;ARTIVERSE APPAREL SEMARANG;08 September 2025;31 Oktober 2025
2506C54TE;10-2025;24-100-02;650000;13000;0636611071505000;ARTIVERSE APPAREL SEMARANG;08 September 2025;31 Oktober 2025
2506H3RGO;11-2025;22-910-01;48550000;728250;0002989473512000;DINAS KOMUNIKASI, INFORMATIKA, STATISTIK, DAN PERSANDIAN KOTA SEMARANG;13 November 2025;14 November 2025
2506K0MLH;10-2025;24-104-65;210000;4200;0001204262512000;DINAS KEBUDAYAAN DAN PARIWISATA KOTA SEMARANG;03 November 2025;03 November 2025
2506K0MXF;10-2025;24-104-65;7126126;142523;0001204262512000;DINAS KEBUDAYAAN DAN PARIWISATA KOTA SEMARANG;28 Oktober 2025;30 Oktober 2025
2506K0MYH;10-2025;24-104-65;1600000;32000;0001204262512000;DINAS KEBUDAYAAN DAN PARIWISATA KOTA SEMARANG;30 Oktober 2025;30 Oktober 2025
2506K0MYF;10-2025;24-104-65;2554054;51081;0001204262512000;DINAS KEBUDAYAAN DAN PARIWISATA KOTA SEMARANG;28 Oktober 2025;30 Oktober 2025
2506K0MYT;10-2025;22-910-01;9459459;141892;0001204262512000;DINAS KEBUDAYAAN DAN PARIWISATA KOTA SEMARANG;28 Oktober 2025;30 Oktober 2025
2506K0MXR;10-2025;24-104-65;2554054;51081;0001204262512000;DINAS KEBUDAYAAN DAN PARIWISATA KOTA SEMARANG;28 Oktober 2025;30 Oktober 2025
2506K0N4J;10-2025;24-104-65;810000;16200;0001204262512000;DINAS KEBUDAYAAN DAN PARIWISATA KOTA SEMARANG;30 Oktober 2025;30 Oktober 2025
2506K0N5C;10-2025;24-104-65;2207207;44144;0001204262512000;DINAS KEBUDAYAAN DAN PARIWISATA KOTA SEMARANG;29 Oktober 2025;30 Oktober 2025
2506K0N58;10-2025;24-104-65;1500000;30000;0001204262512000;DINAS KEBUDAYAAN DAN PARIWISATA KOTA SEMARANG;16 Oktober 2025;30 Oktober 2025
2506K0PGZ;10-2025;24-104-65;650000;13000;0001204262512000;DINAS KEBUDAYAAN DAN PARIWISATA KOTA SEMARANG;01 Oktober 2025;01 Oktober 2025
2506K0PK0;10-2025;24-104-65;1848000;36960;0001204262512000;DINAS KEBUDAYAAN DAN PARIWISATA KOTA SEMARANG;01 Oktober 2025;01 Oktober 2025
2506KA9XI;11-2025;22-910-01;154027020;2310405;0959157934512000;BADAN PENDAPATAN DAERAH KOTA SEMARANG;12 November 2025;17 November 2025
2506KA9XI;11-2025;22-910-01;187135125;2807027;0959157934512000;BADAN PENDAPATAN DAERAH KOTA SEMARANG;12 November 2025;17 November 2025
2506NQ87A;10-2025;24-104-65;1985000;39700;0001434372504000;BADAN PENGELOLA PENDAPATAN DAERAH PROVINSI JAWA TENGAH;23 Oktober 2025;30 Oktober 2025
2506NWHNS;10-2025;24-104-65;11784000;235680;0001204288504000;DINAS PERDAGANGAN KOTA SEMARANG;28 Oktober 2025;03 November 2025
2506OD3NB;11-2025;22-910-01;45000000;675000;0002989515512000;BADAN PENGELOLAAN KEUANGAN DAN ASET DAERAH KOTA SEMARANG;19 November 2025;20 November 2025
2506RWJ7B;11-2025;24-104-29;8513514;170270;0623063807503000;UNIVERSITAS NEGERI SEMARANG - PTNBH;18 November 2025;18 November 2025
2506RWKU1;11-2025;24-104-29;13963964;279279;0623063807503000;UNIVERSITAS NEGERI SEMARANG - PTNBH;19 November 2025;19 November 2025
2506S1GH3;11-2025;22-910-01;4335135;65027;0959157934512000;BADAN PENDAPATAN DAERAH KOTA SEMARANG;27 November 2025;27 November 2025
2506UPEJ6;11-2025;24-104-10;28378378;567568;0623063807503000;UNIVERSITAS NEGERI SEMARANG - PTNBH;17 November 2025;02 Desember 2025
2506VHKKB;11-2025;24-104-29;2454955;49099;0002989432512000;DINAS TENAGA KERJA KOTA SEMARANG;27 November 2025;27 November 2025
2506VHKKH;11-2025;22-900-01;2252252;33784;0002989432512000;DINAS TENAGA KERJA KOTA SEMARANG;26 November 2025;26 November 2025
2506VHKKJ;11-2025;24-104-29;2718018;54360;0002989432512000;DINAS TENAGA KERJA KOTA SEMARANG;27 November 2025;27 November 2025
2506W8B1C;11-2025;22-910-01;252252;3784;0001204262512000;DINAS KEBUDAYAAN DAN PARIWISATA KOTA SEMARANG;28 November 2025;01 Desember 2025
2506W8B8V;11-2025;22-910-01;1576577;23649;0001204262512000;DINAS KEBUDAYAAN DAN PARIWISATA KOTA SEMARANG;28 November 2025;01 Desember 2025
2506W8BJ7;11-2025;22-910-01;4826126;72392;0001204262512000;DINAS KEBUDAYAAN DAN PARIWISATA KOTA SEMARANG;21 November 2025;25 November 2025
2506W8BVE;11-2025;22-910-01;2235923;33539;0001204262512000;DINAS KEBUDAYAAN DAN PARIWISATA KOTA SEMARANG;19 November 2025;20 November 2025
2506W8BVT;11-2025;22-910-01;2844970;42675;0001204262512000;DINAS KEBUDAYAAN DAN PARIWISATA KOTA SEMARANG;19 November 2025;20 November 2025
2506W8BU1;11-2025;22-910-01;2064565;30968;0001204262512000;DINAS KEBUDAYAAN DAN PARIWISATA KOTA SEMARANG;19 November 2025;20 November 2025
2506W8BVJ;11-2025;22-910-01;1785848;26788;0001204262512000;DINAS KEBUDAYAAN DAN PARIWISATA KOTA SEMARANG;19 November 2025;20 November 2025
2506W8BXA;11-2025;22-910-01;3666667;55000;0001204262512000;DINAS KEBUDAYAAN DAN PARIWISATA KOTA SEMARANG;19 November 2025;20 November 2025
2506W8BY1;11-2025;22-910-01;4440000;66600;0001204262512000;DINAS KEBUDAYAAN DAN PARIWISATA KOTA SEMARANG;20 November 2025;20 November 2025
2506W8DRH;11-2025;24-104-65;2019144;40383;0001204262512000;DINAS KEBUDAYAAN DAN PARIWISATA KOTA SEMARANG;11 November 2025;13 November 2025
2506W8HTA;11-2025;22-910-01;5223423;78351;0001204262512000;DINAS KEBUDAYAAN DAN PARIWISATA KOTA SEMARANG;03 November 2025;03 November 2025
2506W8HTY;11-2025;22-910-01;2627027;39405;0001204262512000;DINAS KEBUDAYAAN DAN PARIWISATA KOTA SEMARANG;03 November 2025;03 November 2025
2506W8HUR;11-2025;24-104-65;405000;8100;0001204262512000;DINAS KEBUDAYAAN DAN PARIWISATA KOTA SEMARANG;03 November 2025;03 November 2025
2506W8HUG;11-2025;24-104-65;700000;14000;0001204262512000;DINAS KEBUDAYAAN DAN PARIWISATA KOTA SEMARANG;03 November 2025;03 November 2025
2506W8HUS;11-2025;24-104-65;255000;5100;0001204262512000;DINAS KEBUDAYAAN DAN PARIWISATA KOTA SEMARANG;03 November 2025;03 November 2025
2506S1GH3;11-2025;22-910-01;4335135;65027;0959157934512000;BADAN PENDAPATAN DAERAH KOTA SEMARANG;27 November 2025;03 Desember 2025
2506WO6EP;12-2025;22-910-01;1872973;28095;0959157934512000;BADAN PENDAPATAN DAERAH KOTA SEMARANG;03 Desember 2025;03 Desember 2025
2506XB5JZ;12-2025;22-910-01;4335135;65027;0959157934512000;BADAN PENDAPATAN DAERAH KOTA SEMARANG;03 Desember 2025;04 Desember 2025
2506XP1H6;11-2025;24-100-02;800000;16000;0018694695055000;SEMARANG AUTOCOMP MANUFACTURING INDONESIA;04 November 2025;30 November 2025
2506XP1RQ;11-2025;24-100-02;4961600;99232;0018694695055000;SEMARANG AUTOCOMP MANUFACTURING INDONESIA;10 November 2025;30 November 2025
2506YHOI1;12-2025;22-910-01;34345500;515183;0002989390508000;DINAS KESEHATAN KOTA SEMARANG;04 Desember 2025;04 Desember 2025
2506Z4B4D;12-2025;24-104-24;8887387;177748;0959157934512000;BADAN PENDAPATAN DAERAH KOTA SEMARANG;04 Desember 2025;05 Desember 2025
2506Z5HV5;12-2025;24-104-29;14144144;282883;0959157934512000;BADAN PENDAPATAN DAERAH KOTA SEMARANG;04 Desember 2025;05 Desember 2025
250736H74;11-2025;24-104-65;3108108;62162;0001380575512000;SEKRETARIAT DEWAN PERWAKILAN RAKYAT DAERAH KOTA SEMARANG;21 November 2025;09 Desember 2025
250736H73;11-2025;24-104-65;2980180;59604;0001380575512000;SEKRETARIAT DEWAN PERWAKILAN RAKYAT DAERAH KOTA SEMARANG;21 November 2025;09 Desember 2025
250763IZJ;12-2025;22-910-01;26250000;393750;0002989390508000;DINAS KESEHATAN KOTA SEMARANG;09 Desember 2025;10 Desember 2025
25077MVQW;11-2025;24-100-02;400000;8000;0636611071505000;ARTIVERSE APPAREL SEMARANG;07 November 2025;30 November 2025
25077MVP8;11-2025;24-100-02;650000;13000;0636611071505000;ARTIVERSE APPAREL SEMARANG;14 Oktober 2025;30 November 2025
25077MVY9;11-2025;24-100-02;650000;13000;0636611071505000;ARTIVERSE APPAREL SEMARANG;07 November 2025;30 November 2025
25077MZ0M;11-2025;24-100-02;400000;8000;0636611071505000;ARTIVERSE APPAREL SEMARANG;14 Oktober 2025;30 November 2025
25078HDWB;11-2025;22-910-01;2853153;42797;0955493663512000;BADAN PERENCANAAN PEMBANGUNAN DAERAH KOTA SEMARANG;24 November 2025;24 November 2025
25078HE1M;11-2025;22-910-01;2477477;37162;0955493663512000;BADAN PERENCANAAN PEMBANGUNAN DAERAH KOTA SEMARANG;24 November 2025;24 November 2025
25078HE0K;11-2025;22-910-01;3468468;52027;0955493663512000;BADAN PERENCANAAN PEMBANGUNAN DAERAH KOTA SEMARANG;24 November 2025;24 November 2025
2507DMYQE;12-2025;22-910-01;25200000;378000;0002989390508000;DINAS KESEHATAN KOTA SEMARANG;12 Desember 2025;15 Desember 2025
2507IRZRA;11-2025;22-910-01;1756500000;26347500;0001434372504000;BADAN PENGELOLA PENDAPATAN DAERAH PROVINSI JAWA TENGAH;19 November 2025;17 Desember 2025
2507ISC9Q;11-2025;22-910-01;77200000;1158000;0001434372504000;BADAN PENGELOLA PENDAPATAN DAERAH PROVINSI JAWA TENGAH;07 November 2025;19 November 2025
2507JY2DQ;12-2025;22-910-01;9000000;135000;0002874402517000;KECAMATAN CANDISARI KOTA SEMARANG;12 Desember 2025;12 Desember 2025
2507JY2E7;12-2025;22-910-01;2400000;36000;0002874402517000;KECAMATAN CANDISARI KOTA SEMARANG;12 Desember 2025;12 Desember 2025
2507LZ1Q4;11-2025;24-104-65;11784000;235680;0001204288504000;DINAS PERDAGANGAN KOTA SEMARANG;25 November 2025;25 November 2025
2507S2WEG;12-2025;24-104-29;3702703;74054;0002989432512000;DINAS TENAGA KERJA KOTA SEMARANG;03 Desember 2025;03 Desember 2025
2507S2WH0;12-2025;22-900-01;18288288;274324;0002989432512000;DINAS TENAGA KERJA KOTA SEMARANG;02 Desember 2025;02 Desember 2025
2502LLXFH;05-2025;24-100-02;400000;8000;0636611071505000;ARTIVERSE APPAREL SEMARANG;05 Juni 2025;31 Mei 2025
2502LM3PB;05-2025;24-100-02;650000;13000;0636611071505000;ARTIVERSE APPAREL SEMARANG;05 Juni 2025;31 Mei 2025
250267OTS;05-2025;22-910-01;2286622;34299;0002989515512000;BADAN PENGELOLAAN KEUANGAN DAN ASET DAERAH KOTA SEMARANG;15 Mei 2025;22 Mei 2025
250267OTO;05-2025;22-910-01;2401802;36027;0002989515512000;BADAN PENGELOLAAN KEUANGAN DAN ASET DAERAH KOTA SEMARANG;15 Mei 2025;22 Mei 2025
250851KU2;12-2025;24-100-02;5677000;113540;0018694695055000;SEMARANG AUTOCOMP MANUFACTURING INDONESIA;05 Desember 2025;31 Desember 2025
250851L0W;12-2025;24-100-02;800000;16000;0018694695055000;SEMARANG AUTOCOMP MANUFACTURING INDONESIA;02 Desember 2025;31 Desember 2025
25088TAKL;12-2025;24-100-02;650000;13000;0636611071505000;ARTIVERSE APPAREL SEMARANG;12 Agustus 2025;31 Desember 2025
25088TAKI;12-2025;24-100-02;400000;8000;0636611071505000;ARTIVERSE APPAREL SEMARANG;12 Agustus 2025;31 Desember 2025
2508D52CQ;12-2025;22-910-01;5405405;81081;0002973782514000;DINAS PENANAMAN MODAL DAN PELAYANAN TERPADU SATU PINTU KABUPATEN;01 Desember 2025;12 Januari 2026
2508DLRIF;12-2025;22-910-01;5950450;89257;0955493663512000;BADAN PERENCANAAN PEMBANGUNAN DAERAH KOTA SEMARANG;03 November 2025;14 Januari 2026
2508DLRIT;12-2025;22-910-01;6432432;96486;0955493663512000;BADAN PERENCANAAN PEMBANGUNAN DAERAH KOTA SEMARANG;05 Desember 2025;14 Januari 2026
2508DLRIC;12-2025;22-910-01;5162162;77432;0955493663512000;BADAN PERENCANAAN PEMBANGUNAN DAERAH KOTA SEMARANG;01 Desember 2025;14 Januari 2026
2508K17M3;12-2025;22-910-01;24684685;370270;0002874394517000;KECAMATAN GAJAHMUNGKUR KOTA SEMARANG;15 Desember 2025;05 Januari 2026
2508L6SKY;12-2025;24-104-65;200000;4000;0001204262512000;DINAS KEBUDAYAAN DAN PARIWISATA KOTA SEMARANG;19 Desember 2025;19 Desember 2025
2508L7I75;12-2025;22-910-01;8550000;128250;0001204262512000;DINAS KEBUDAYAAN DAN PARIWISATA KOTA SEMARANG;02 Desember 2025;08 Desember 2025
2508L7I8Q;12-2025;22-910-01;3000000;45000;0001204262512000;DINAS KEBUDAYAAN DAN PARIWISATA KOTA SEMARANG;02 Desember 2025;08 Desember 2025
2508L7IDB;12-2025;22-910-01;2849099;42736;0001204262512000;DINAS KEBUDAYAAN DAN PARIWISATA KOTA SEMARANG;05 Desember 2025;05 Desember 2025
2508L7MYU;12-2025;22-910-01;1692943;25394;0001204262512000;DINAS KEBUDAYAAN DAN PARIWISATA KOTA SEMARANG;03 Desember 2025;03 Desember 2025
2508L7N13;12-2025;22-910-01;4475976;67140;0001204262512000;DINAS KEBUDAYAAN DAN PARIWISATA KOTA SEMARANG;03 Desember 2025;03 Desember 2025
2508L7N1S;12-2025;24-104-65;600000;12000;0001204262512000;DINAS KEBUDAYAAN DAN PARIWISATA KOTA SEMARANG;02 Desember 2025;02 Desember 2025
2508L7U11;12-2025;22-910-01;4054054;60811;0001204262512000;DINAS KEBUDAYAAN DAN PARIWISATA KOTA SEMARANG;01 Desember 2025;01 Desember 2025
2508LFN7H;12-2025;24-104-65;11784000;235680;0001204288504000;DINAS PERDAGANGAN KOTA SEMARANG;08 Desember 2025;08 Desember 2025
2508LFN9L;12-2025;24-104-65;11784000;235680;0001204288504000;DINAS PERDAGANGAN KOTA SEMARANG;08 Desember 2025;08 Desember 2025
2508LFNA3;12-2025;24-104-65;11784000;235680;0001204288504000;DINAS PERDAGANGAN KOTA SEMARANG;02 Desember 2025;08 Desember 2025
